-- Create the STUDENT table
CREATE TABLE STUDENT (
    Rno INT PRIMARY KEY,
    Name VARCHAR(100) NOT NULL,
    Branch VARCHAR(50) NOT NULL
);

-- Create the RESULT table
CREATE TABLE RESULT (
    Rno INT,
    SPI DECIMAL(3,1) NOT NULL,
    PRIMARY KEY (Rno),
    FOREIGN KEY (Rno) REFERENCES STUDENT(Rno)
);

-- Create the EMPLOYEE table
CREATE TABLE EMPLOYEE (
    EmployeeNo VARCHAR(10) PRIMARY KEY,
    Name VARCHAR(100) NOT NULL,
    ManagerNo VARCHAR(10),
    FOREIGN KEY (ManagerNo) REFERENCES EMPLOYEE(EmployeeNo)
);


-- Insert data into the STUDENT table
INSERT INTO STUDENT (Rno, Name, Branch) VALUES
(101, 'Raju', 'CE'),
(102, 'Amit', 'CE'),
(103, 'Sanjay', 'ME'),
(104, 'Neha', 'EC'),
(105, 'Meera', 'EE'),
(106, 'Mahesh', 'ME');

-- Insert data into the RESULT table
INSERT INTO RESULT (Rno, SPI) VALUES
(101, 8.8),
(102, 9.2),
(103, 7.6),
(104, 8.2),
(105, 7.0),
(106, 8.9);

-- Insert data into the EMPLOYEE table
INSERT INTO EMPLOYEE (EmployeeNo, Name, ManagerNo) VALUES
('E01', 'Tarun', NULL),
('E02', 'Rohan', 'E02'),
('E03', 'Priya', 'E01'),
('E04', 'Milan', 'E03'),
('E05', 'Jay', 'E01'),
('E06', 'Anjana', 'E04');


-- Create the DEPARTMENT table
CREATE TABLE DEPARTMENT (
    DepartmentID INT PRIMARY KEY,
    DepartmentName VARCHAR(100) NOT NULL UNIQUE,
    DepartmentCode VARCHAR(50) NOT NULL UNIQUE,
    Location VARCHAR(50) NOT NULL
);

-- Create the PERSON table
CREATE TABLE PERSON (
    PersonID INT PRIMARY KEY,
    PersonName VARCHAR(100) NOT NULL,
    DepartmentID INT NULL,
    Salary DECIMAL(8,2) NOT NULL,
    JoiningDate DATETIME NOT NULL,
    City VARCHAR(100) NOT NULL,
    FOREIGN KEY (DepartmentID) REFERENCES DEPARTMENT(DepartmentID)
);


INSERT INTO DEPARTMENT (DepartmentID, DepartmentName, DepartmentCode, Location) VALUES
(1, 'Admin', 'Adm', 'A-Block'),
(2, 'Computer', 'CE', 'C-Block'),
(3, 'Civil', 'CI', 'G-Block'),
(4, 'Electrical', 'EE', 'E-Block'),
(5, 'Mechanical', 'ME', 'B-Block');


INSERT INTO PERSON (PersonID, PersonName, DepartmentID, Salary, JoiningDate, City) VALUES
(101, 'Rahul Tripathi', 2, 56000.00, '2000-01-01', 'Rajkot'),
(102, 'Hardik Pandya', 3, 18000.00, '2001-09-25', 'Ahmedabad'),
(103, 'Bhavin Kanani', 4, 25000.00, '2000-05-14', 'Baroda'),
(104, 'Bhoomi Vaishnav', 1, 39000.00, '2005-02-08', 'Rajkot'),
(105, 'Rohit Topiya', 2, 17000.00, '2001-07-23', 'Jamnagar'),
(106, 'Priya Menpara', NULL, 9000.00, '2000-10-18', 'Ahmedabad'),
(107, 'Neha Sharma', 2, 34000.00, '2002-12-25', 'Rajkot'),
(108, 'Nayan Goswami', 3, 25000.00, '2001-07-01', 'Rajkot'),
(109, 'Mehul Bhundiya', 4, 13500.00, '2005-01-09', 'Baroda'),
(110, 'Mohit Maru', 5, 14000.00, '2000-05-25', 'Jamnagar');