-- Create the STUDENT table
CREATE TABLE STUDENT (
    Rno INT PRIMARY KEY,
    Name VARCHAR(100) NOT NULL,
    City VARCHAR(100) NOT NULL,
    DID INT NOT NULL
);

-- Create the ACADEMIC table
CREATE TABLE ACADEMIC (
    Rno INT PRIMARY KEY,
    SPI DECIMAL(3,1) NOT NULL,
    Bklog INT NOT NULL,
    FOREIGN KEY (Rno) REFERENCES STUDENT(Rno)
);

-- Create the DEPARTMENT table
CREATE TABLE DEPARTMENT (
    DID INT PRIMARY KEY,
    DName VARCHAR(100) NOT NULL
);



-- Insert data into the STUDENT table
INSERT INTO STUDENT (Rno, Name, City, DID) VALUES
(101, 'Raju', 'Rajkot', 10),
(102, 'Amit', 'Ahmedabad', 20),
(103, 'Sanjay', 'Baroda', 40),
(104, 'Neha', 'Rajkot', 20),
(105, 'Meera', 'Ahmedabad', 30),
(106, 'Mahesh', 'Baroda', 10);

-- Insert data into the ACADEMIC table
INSERT INTO ACADEMIC (Rno, SPI, Bklog) VALUES
(101, 8.8, 0),
(102, 9.2, 2),
(103, 7.6, 1),
(104, 8.2, 4),
(105, 7.0, 2),
(106, 8.9, 3);

-- Insert data into the DEPARTMENT table
INSERT INTO DEPARTMENT (DID, DName) VALUES
(10, 'Computer'),
(20, 'Electrical'),
(30, 'Mechanical'),
(40, 'Civil');

.
-- Create the COMPANY_MASTER table
CREATE TABLE COMPANY_MASTER (
    COM_ID INT PRIMARY KEY,
    COM_NAME VARCHAR(100) NOT NULL
);


-- Insert data into the COMPANY_MASTER table
INSERT INTO COMPANY_MASTER (COM_ID, COM_NAME) VALUES
(11, 'Samsung'),
(12, 'iBall'),
(13, 'Epsion'),
(14, 'Zebronics'),
(15, 'Asus'),
(16, 'Frontech');


-- Create the EMP_DETAILS table
CREATE TABLE EMP_DETAILS (
    EMP_IDNO INT PRIMARY KEY,
    EMP_FNAME VARCHAR(100) NOT NULL,
    EMP_LNAME VARCHAR(100) NOT NULL,
    EMP_DEPT INT NOT NULL
);


-- Insert data into the EMP_DETAILS table
INSERT INTO EMP_DETAILS (EMP_IDNO, EMP_FNAME, EMP_LNAME, EMP_DEPT) VALUES
(127323, 'Michale', 'Robbin', 57),
(526689, 'Carlos', 'Snares', 63),
(843795, 'Enric', 'Dosio', 57),
(328717, 'Jhon', 'Snares', 63),
(444527, 'Joseph', 'Dosni', 47),
(659831, 'Zanifer', 'Emily', 47),
(847674, 'Kuleswar', 'Sitaraman', 57),
(748681, 'Henrey', 'Gabriel', 47),
(555935, 'Alex', 'Manuel', 57),
(539569, 'George', 'Mardy', 27),
(733843, 'Mario', 'Saule', 63),
(631548, 'Alan', 'Snappy', 27),
(839139, 'Maria', 'Foster', 57);


-- Create the EMP_DEPARTMENT table
CREATE TABLE EMP_DEPARTMENT (
    DPT_CODE INT PRIMARY KEY,
    DPT_NAME VARCHAR(100) NOT NULL,
    DPT_ALLOTMENT DECIMAL(10,2) NOT NULL
);


-- Insert data into the EMP_DEPARTMENT table
INSERT INTO EMP_DEPARTMENT (DPT_CODE, DPT_NAME, DPT_ALLOTMENT) VALUES
(57, 'IT', 65000.00),
(63, 'Finance', 15000.00),
(47, 'HR', 240000.00),
(27, 'RD', 55000.00),
(89, 'QC', 75000.00);



